{
    "folders": {
        "430": "firmware325",
        "320": "firmware3333",
        "330": "firmware3333",
        "ptx151": "ptx151",
        "321": "spipm",
        "331": "spipm",
        "335": "spipm",
        "450": "spipm",
        "550": "spipm",
        "560": "spipm",
        "650": "spipm",
        "670": "spipm",
        "5000": "spipm",
        "6000": "spipm",
        "7000": "spipm",
        "1500": "spipm",
        "301": "splm",
        "501": "splm",
        "600": "splm",
        "601": "splm",
        "4000": "splm",
        "300": "spom",
        "500": "spom"
    }
}